id,gender,star_sign,phone_os,height,weight,sleepiness,iq,fb_friends,yt,self_intro,bmi
1,0,9.0,0.0,159.974,100.0,1.0,87.0,87.0,87.0,GOod,39.07519840765303
2,0,3.0,0.0,175.0,80.0,3.0,130.0,2000.0,30.0,Easygoing,26.122448979591837
3,0,4.0,0.0,155.0,45.0,3.0,150.0,400.0,9.0,I LOVE INTEL,18.730489073881373
4,0,7.0,0.0,173.0,85.0,4.0,100.0,2000.0,15.0,"I'm a hard-work man, just do my best to finish anything.",28.40054796351365
5,0,10.0,1.0,164.0,57.0,4.0,130.0,505.0,2.0,I'm smart,21.192742415229034
6,0,2.0,0.0,178.0,88.0,4.0,80.0,700.0,2.87,A 20 years old Electrical Engineering student.,27.77427092538821
7,0,3.0,1.0,174.0,55.0,2.0,120.0,150.0,0.0,I am hungry.,18.166204254194742
8,0,2.0,1.0,170.0,82.0,2.0,87.0,300.0,2.0,Friendly,28.373702422145332
9,0,9.0,0.0,165.0,46.0,4.0,111.0,200.0,5.0,I am a student.,16.896235078053262
10,0,6.0,0.0,178.0,59.4,4.0,187.0,287.0,20.0,nice,18.74763287463704
11,0,8.0,1.0,190.0,89.0,2.0,120.0,185.0,0.0,A man with arrogance.,24.653739612188367
12,0,5.0,1.0,175.0,66.0,3.0,130.0,600.0,50.0,Handsome,21.551020408163264
13,0,2.0,0.0,185.0,60.0,5.0,180.0,0.0,60.0,Adorable,17.531044558071585
14,0,11.0,0.0,173.5,71.0,2.0,130.0,1296.0,181.0,"I am sporty, who loves to play basketball",23.586276773330898
15,0,7.0,1.0,166.0,70.0,1.0,100.0,0.0,1.5,I'm in a group of idiots.,25.402816083611555
16,0,4.8,1.0,188.0,20.0,3.8,88.0,2e+97,2e+21,A young girl,5.658669081032142
17,0,2.0,0.0,180.0,60.0,2.0,200.0,461.0,14.2,Handsome,18.51851851851852
18,0,11.0,1.0,159.0,46.0,2.0,87.0,823.0,0.02,Versatile,18.19548277362446
19,0,2.0,0.0,174.0,62.0,4.0,128.0,626.0,7.1,Enterprising,20.478266613819528
20,0,9.0,1.0,171.0,64.0,4.0,130.0,360.0,5.0,Excellent,21.887076365377382
21,0,3.0,0.0,175.0,80.0,3.0,140.0,300.0,1.0,handsome boy,26.122448979591837
22,0,1.0,1.0,165.0,60.0,2.0,120.0,849.0,1.0,Love to eat,22.03856749311295
23,0,5.0,0.0,173.0,70.0,4.0,120.0,200.0,2.0,not bad,23.38868655818771
24,0,2.0,1.0,171.0,55.0,3.0,125.0,555.0,3.0,real,18.80920625149619
25,0,5.0,0.0,173.0,70.0,4.0,120.0,200.0,2.0,not bad,23.38868655818771
26,0,9.0,1.0,181.0,65.0,3.0,87.0,400.0,1.0,Hahahahaha,19.840664204389366
27,0,6.0,0.0,173.0,70.0,5.0,126.0,250.0,0.1,I am a good man.,23.38868655818771
28,0,11.0,0.0,178.0,67.0,5.0,200.0,491.0,0.088,YOU ARE (NOT) ALONE.,21.146319909102385
29,0,1.0,0.0,172.0,69.0,4.0,128.0,1000.0,13.6667,Excellent,23.323418063818284
30,0,9.0,1.0,165.0,60.0,5.0,120.0,462.0,2.36,I'm decent and sincere.,22.03856749311295
31,0,5.0,1.0,170.0,57.0,4.0,167.0,437.0,0.008,Versatile guy,19.723183391003463
32,0,1.0,0.0,153.0,52.0,4.0,180.0,465.0,7.6,Aggressive,22.21367849972233
33,0,5.0,0.0,180.0,70.0,5.0,180.0,600.0,10.0,Iâ€™m handsome,21.604938271604937
34,0,5.0,1.0,174.2,59.0,4.0,139.1998,2e+97,2e+21,I'm boring,19.442661285113775
35,0,1.0,1.0,187.0,66.0,4.0,150.0,150.0,0.1,Tall,18.873859704309528
36,0,2.0,1.0,150.0,45.0,4.0,80.0,200.0,0.5,fabulous,20.0
37,0,10.0,0.0,176.0,90.0,3.0,120.0,705.0,11.0,Eating is my life for good.,29.054752066115704
38,0,10.0,1.0,177.0,64.0,3.0,125.0,30.0,10.0,I can not speak English,20.428357113217785
39,0,10.0,0.0,171.0,72.0,5.0,100.0,80.0,1.0,Work hard,24.622960911049557
40,0,6.0,1.0,165.0,65.0,3.0,130.0,649.0,0.8,I have perseverance!,23.875114784205696
41,0,6.0,1.0,178.0,71.0,3.0,87.0,400.0,18.0,A shy boy.,22.408786769347305
42,0,6.0,1.0,172.0,59.0,1.0,180.0,600.0,3.0,Very Handsome.,19.94321254732288
43,0,6.0,0.0,172.0,55.6,3.0,199.0,200.0,0.05,I donâ€™t know,18.793942671714444
44,0,11.0,0.0,171.0,60.0,2.0,125.0,749.0,2.6,good man,20.519134092541297
45,0,1.0,0.0,165.0,45.0,5.0,80.0,869.0,5.0,Introvert,16.528925619834713
46,0,11.0,0.0,174.0,62.0,3.0,110.0,487.0,15.0,You can do it,20.478266613819528
47,0,8.0,1.0,172.0,52.0,2.0,200.0,488.0,1.6,For honor,17.577068685776098
48,0,11.0,1.0,163.0,54.0,3.0,107.0,393.0,0.0,Love what I choose.,20.32443825510934
49,0,9.0,1.0,156.0,50.0,2.0,110.0,873.0,1.0,Hi,20.5456936226167
50,0,4.0,0.0,165.0,50.0,1.0,100.0,1859.0,10.0,Hello.,18.36547291092746
51,0,4.0,0.0,166.0,65.0,1.0,188.0,1022.0,5.0,Dog,23.588329220496444
52,0,4.0,2.0,87.87,87.87,1.0,87.0,87.0,87.0,Nothing,113.80448389666553
53,0,9.0,0.0,169.0,60.0,4.0,100.0,300.0,5.0,student in nthu,21.007667798746546
54,0,1.0,1.0,187.0,87.0,4.0,87.0,9487.0,5.9487,I'm a 87.,24.879178701135288
55,0,4.0,1.0,180.0,88.0,5.0,200.0,888.0,1.0,"I'm a ""Typical Lady"".",27.160493827160494
56,0,5.8,1.0,172.6,56.0,3.0,154.8,589.0,0.0,I am so cuuuuuuute!,18.797774880533428
57,0,7.0,1.0,188.77,87.59487,5.0,50.87,9487.0,8.74,Let's party!,24.581745656421262
58,0,6.2,1.0,176.0,73.8,3.0,87.0,300.0,1354.4,Desperate,23.824896694214875
59,0,11.0,1.0,174.0,76.5,3.0,120.0,555.0,0.0,I am alive.,25.267538644470868
60,0,4.0,0.0,178.0,85.0,3.0,120.0,653.0,30.8,Fuck off,26.82742078020452
61,0,10.0,0.0,178.0,45.0,4.0,200.0,500.0,1.0,Good,14.202752177755334
62,0,9.0,1.0,170.0,1.0,4.0,50.0,1.0,5000.0,Reallll sheet,0.34602076124567477
63,0,7.0,0.0,175.0,65.0,5.0,120.0,572.0,3.0,Fabulous.,21.224489795918366
64,0,5.0,1.0,175.0,73.0,4.0,120.0,200.0,3.0,handsome,23.836734693877553
65,0,7.0,0.0,166.0,90.0,1.0,170.0,20000.0,0.0,ass,32.660763536072004
66,0,9.0,1.0,162.0,50.0,5.0,120.0,115.0,20.0,I am smart,19.05197378448407
67,0,7.0,0.0,175.0,70.0,4.0,180.0,1186.0,50.0,Cool and smart,22.857142857142858
68,0,2.0,1.0,160.0,50.0,4.0,180.0,100.0,3.0,Normal,19.531249999999996
69,0,7.0,0.0,172.0,58.0,4.0,112.0,343.0,0.5,Iâ€™m good.,19.60519199567334
70,0,4.0,1.0,161.0,46.0,4.0,100.0,200.0,3.0,Cute,17.746228926353147
71,0,5.0,1.0,158.0,53.0,2.0,100.0,600.0,11.78,Allergic to humans.,21.230572023714146
72,0,2.0,0.0,218.0,50.0,4.0,200.0,0.0,1000.0,Ez game Ez life,10.520999915831998
73,0,11.0,0.0,174.0,73.0,5.0,120.0,200.0,30.0,Interesting person.,24.111507464658473
74,0,7.0,1.0,168.4,60.0,3.2,87.0,10.0,83.98,mumi,21.157632827618887
75,0,4.0,0.0,161.0,43.0,3.0,100.0,300.0,0.65,I get a cold,16.58886617028664
76,0,9.0,1.0,156.0,50.0,5.0,120.0,484.0,5.0,Amazing,20.5456936226167
77,0,7.0,1.0,178.0,74.0,3.8,87.0,878.0,87.0,High,23.355636914530994
78,0,6.2,0.0,173.0,58.0,4.0,118.6,2e+97,2.0,I am a girl.,19.37919743392696
79,0,3.0,0.2,171.2,63.0,4.0,135.9998,500.0,3048.2,I good,21.49478120359857
80,0,4.0,1.0,174.0,58.0,4.0,110.0,264.0,0.4,Lazy,19.157088122605362
81,0,8.0,1.0,160.0,54.0,2.0,130.0,564.0,3.0,I am lazy.,21.093749999999996
82,0,9.0,0.0,176.0,76.0,4.0,128.0,850.0,20.0,Outgoing,24.535123966942148
83,0,7.0,1.0,168.0,75.0,5.0,160.0,500.0,50.0,A good man.,26.573129251700685
84,0,10.0,0.0,172.0,57.0,1.0,51.0,199.0,200.0,Being smart is all I have,19.2671714440238
85,0,7.0,0.0,175.0,63.0,5.0,180.0,1000.0,5.0,Iâ€™m handsome.,20.571428571428573
86,0,10.0,1.0,180.0,80.0,4.0,100.0,600.0,40.0,"I AM A BIG MAN, BUT ALSO SAMLL.",24.691358024691358
87,0,0.0,1.0,168.0,55.0,4.0,180.0,567.0,23.0,Very nice.,19.48696145124717
88,0,3.0,0.0,170.0,56.0,4.0,180.0,494.0,9.2,Awesome!,19.377162629757787
89,0,8.0,1.0,200000.0,450000.0,2.0,180.0,345000000.0,3.34482e-05,I am so cute,0.1125
90,0,2.0,0.0,173.0,70.0,5.0,180.0,85.0,3.0,I think I am handsome,23.38868655818771
91,0,7.0,0.0,165.8,56.4,3.0,111.0,400.0,1470.04,I am a positive person.,20.516820154792857
92,0,2.0,1.0,183.0,75.0,2.0,87.0,500.0,22.8,"I'm fine thank you,and you?",22.395413419331717
93,0,5.0,0.0,1.84467e+21,1.8446700000000003e+30,1.0,200.0,1e+28,8.4,Plz do not delete my data.,5.421023814557618e-09
94,0,1.0,0.0,172.0,60.0,3.0,120.0,550.0,16.0,Iâ€™m really hungry,20.281233098972418
95,0,1.0,0.0,175.0,65.0,4.0,69.0,653.0,30.0,Yummy,21.224489795918366
96,0,9.0,1.0,170.0,56.0,2.0,90.0,813.0,17.5,Black,19.377162629757787
97,0,0.0,0.0,170.0,54.0,5.0,100.0,666.0,99.0,wee~,18.68512110726644
98,0,7.0,1.0,185.0,65.0,3.0,180.0,835.0,1.5,I'm so handsome.,18.991964937910883
99,0,8.0,0.0,173.0,55.0,3.0,50.0,1100.0,1.0,Hello,18.376825152861773
100,0,2.0,0.0,173.0,53.0,1.0,200.0,1000.0,25.0,im cute,17.70857696548498
101,0,9.0,1.0,170.0,65.0,4.0,120.0,709.0,1.0,Peace,22.49134948096886
102,0,6.0,1.0,169.0,82.0,4.0,160.0,2e+97,3.0,Try,28.71047932495361
103,0,5.0,0.0,172.0,90.0,4.0,120.0,100.0,0.3,èªçœŸçš„ç”·äºº,30.42184964845863
104,0,3.0,1.0,173.0,84.0,5.0,150.0,250.0,10.0,é–‹æœ—æ¨‚è§€,28.06642386982525
105,0,0.0,0.0,164.5,53.0,3.0,100.0,283.0,1.0,Smart,19.585924002919413
106,0,9.0,0.0,159.0,56.0,5.0,200.0,150.0,4.0,I am very smart.,22.151022507021082
107,0,5.0,0.0,161.0,49.0,4.0,90.0,100.0,2.0,general,18.90359168241966
108,0,3.0,1.0,165.0,90.0,3.0,150.0,350.0,10.0,Smart,33.057851239669425
109,0,1.0,1.0,193.0,80.0,3.0,80.0,2300.0,0.8,Iâ€™m fine.,21.47708663319821
110,0,9.0,0.0,167.0,59.0,4.0,130.0,150.0,2.0,Smart,21.15529420201513
111,0,0.0,1.0,183.0,72.0,3.0,180.0,250.0,2.0,Perfect man,21.49959688255845
112,0,6.0,1.0,175.0,79.0,4.0,80.0,10.0,0.5,friendly,25.79591836734694
113,0,4.0,0.0,173.0,113.0,4.0,100.0,294.0,20.0,Do it Better,37.75602258678873
114,0,1.0,1.0,174.4,66.0,5.0,80.0,200.0,100.0,I am a student of NCU,21.699562326403502
115,0,9.0,0.0,175.0,69.0,5.0,200.0,366.0,9.0,Walking dead,22.53061224489796
116,0,8.0,0.0,159.0,50.0,4.0,120.0,100.0,64.0,Sexy,19.77769866698311
117,0,1.0,1.0,180.0,80.0,5.0,110.0,139.0,0.5,I am good people,24.691358024691358
118,0,1.0,0.0,172.0,69.0,3.0,51.0,100.0,25.0,Easy going,23.323418063818284
119,0,5.0,1.0,174.0,78.0,1.0,120.0,120.0,8.0,I am best.,25.762980578676178
120,0,0.0,1.0,170.0,65.0,3.0,130.0,277.0,6.0,Hello,22.49134948096886
121,0,4.0,0.0,162.0,59.0,3.0,115.0,223.0,0.017,I am a student.,22.481329065691202
122,0,6.0,0.0,160.0,50.0,4.0,180.0,99.0,10000.0,"My Life , My Style .",19.531249999999996
123,0,6.0,1.0,163.0,50.0,4.0,100.0,150.0,3.0,Enjoying life.,18.818924310286427
124,0,7.0,1.0,172.0,60.0,5.0,112.0,350.0,3.0,Hi,20.281233098972418
125,0,3.0,0.6,180.0,56.2,3.6,108.6,30.0,30.0,boring,17.345679012345677
126,0,2.0,1.0,167.0,79.0,4.0,123.0,457.0,1.0,Done? Not enough.,28.326580372189753
127,0,2.0,1.0,52.0,29.0,1.0,51.0,4.0,970.0,TxT,107.24852071005915
128,0,6.0,0.0,174.0,70.0,4.0,128.0,539.0,110.0,Lost,23.120623596247853
129,0,11.0,0.0,174.0,888.0,1.0,50.0,1.0,40.0,I donâ€™t understand myself.,293.3016250495442
130,0,4.0,0.0,162.0,45.0,3.0,100.0,556.0,0.9,Iâ€™m beautiful.,17.146776406035663
131,0,1.0,0.0,155.0,53.0,4.0,120.0,900.0,1.6,Positive,22.060353798126947
132,0,3.0,0.0,173.0,62.0,5.0,123.0,600.0,35.2,I Good,20.715693808680545
133,0,9.0,1.0,155.0,49.0,2.0,110.0,555.0,9.93,I am a girl,20.39542143600416
134,0,5.0,0.0,164.0,53.0,4.0,120.0,1109.0,18.5,Always optimistic,19.705532421177875
135,0,0.0,1.0,180.0,85.0,4.0,200.0,10.0,1.07,cute,26.234567901234566
136,0,5.0,1.0,177.0,75.0,5.0,100.0,30.0,1.0,Go for your goal.,23.93948099205209
137,0,5.0,0.0,169.0,67.0,5.0,199.0,500.0,100.0,"So smart, so handsome, so good",23.458562375266975
138,0,8.0,0.2,163.6,43.0,2.4,180.0,600.0,9.464,Cute,16.065781529283065
139,0,2.0,0.0,178.0,61.0,5.0,100.0,700.0,20.0,I am not a girl.,19.252619618735007
140,0,11.0,0.0,170.0,65.0,4.0,100.0,892.0,721.0,Never give up,22.49134948096886
141,0,3.0,1.0,166.0,66.0,5.0,100.0,2e+97,15000.0,Absolutely fantastic,23.95122659311947
142,0,9.0,1.0,172.0,58.0,5.0,130.0,709.0,184.0,Work Hard,19.60519199567334
143,0,8.0,1.0,168.0,63.0,5.0,100.0,666.0,35.0,I'm Peter.,22.321428571428577
144,0,5.0,1.0,173.0,75.0,3.0,130.0,402.0,0.09905,Hard working,25.05930702662969
145,0,6.0,1.0,151.0,56.0,5.0,110.0,42.0,0.15,I am a methodical person.,24.560326301478007
146,0,4.0,0.0,170.0,64.0,3.0,120.0,500.0,16.0,iâ€™m a psycho,22.145328719723185
147,0,0.0,0.0,161.0,68.0,3.0,50.0,200.0,0.0,i'm a good person,26.23355580417422
148,0,0.0,1.0,150.0,48.0,2.0,120.0,700.0,0.5,Keep going until reach the goal.,21.333333333333332
149,0,3.0,1.0,165.0,65.0,5.0,120.0,200.0,0.0,Be Funny,23.875114784205696
150,0,6.0,1.0,166.0,60.0,4.0,100.0,0.0,1.02,Low-key,21.773842357381334
151,0,6.0,0.0,174.0,70.0,4.0,128.0,539.0,110.0,Lost,23.120623596247853
152,0,11.0,1.0,166.0,57.0,3.0,130.0,200.0,2.0,Ambitious,20.685150239512268
153,0,7.0,0.0,166.0,64.0,5.0,166.0,700.0,0.0,free,23.225431847873423
154,0,5.0,0.0,152.0,42.0,1.0,200.0,500.0,20.0,Good,18.178670360110804
155,0,0.0,0.0,165.0,62.5,4.0,100.0,1088.0,7.5,humor,22.956841138659325
156,0,7.0,0.0,175.0,3.689340000000001e+29,2.0,180.0,2e+97,2e+21,Nothing is impossible!,1.204682448979592e+29
157,0,8.0,0.0,180.0,77.0,1.0,180.0,1.0,10.0,Good,23.76543209876543
158,0,4.0,0.0,171.0,66.0,5.0,199.0,100000.0,20.0,Live with your faith,22.571047501795427
159,0,7.0,1.0,160.0,49.0,3.0,100.0,500.0,0.0,XD,19.140624999999996
160,0,6.0,0.0,170.0,49.0,4.0,200.0,1000.0,100.0,A bully,16.955017301038065
161,0,4.0,1.0,157.0,46.0,1.0,180.0,700.0,1.04,I am a student.,18.662014686194166
162,0,2.0,0.0,172.0,56.0,2.0,200.0,99999.0,666.0,Ggininder,18.92915089237426
163,0,5.0,1.0,158.0,47.0,2.0,130.0,200.0,3.0,A boring guy,18.82711103989745
164,0,5.0,0.0,170.0,60.0,5.0,100.0,600.0,30.0,No confidence,20.761245674740486
165,0,6.0,1.0,150.0,40.0,1.0,100.0,1100.0,11.0,Beautiful,17.77777777777778
166,0,7.0,1.0,182.0,68.0,3.0,120.0,400.0,4.0,I am a slient man.,20.528921627822726
167,0,5.0,0.0,175.0,60.0,4.0,100.0,100.0,50.0,I donâ€™t know,19.591836734693878
168,0,4.0,0.0,178.0,53.8,3.4,128.6,129.0,140.0,Good!,16.980179270294155
169,0,1.0,0.0,181.0,55.0,1.0,120.0,215.0,465.0,Iâ€™m look like tall and thin.,16.788254326791
170,0,10.0,0.0,175.0,63.0,3.0,140.0,881.0,97.5,Friendly&Charming,20.571428571428573
171,0,1.0,0.0,179.5,60.0,2.0,187.0,693.0,184.0,Outgoing,18.621829439560525
172,0,2.0,0.0,161.5,50.0,3.0,200.0,1711.0,4.0,DCC,19.170125276768683
173,0,1.0,1.0,162.0,50.0,3.0,90.0,400.0,5.0,Work hard,19.05197378448407
174,0,4.0,1.0,158.0,44.0,5.0,120.0,350.0,0.129,Adorable,17.625380547989103
175,0,1.0,0.0,160.0,48.0,5.0,100.0,500.0,20.0,Friendly,18.749999999999996
176,0,8.0,0.0,173.0,53.0,5.0,200.0,600.0,1.0,Not badï¼,17.70857696548498
177,0,1.0,0.0,160.0,45.0,5.0,94.0,955.0,256.0,The dream will lead the way,17.578124999999996
178,0,2.0,0.0,169.0,75.0,2.0,110.0,200.0,6.0,Cool.,26.25958474843318
179,0,10.0,0.0,170.0,90.0,2.0,50.0,100.0,1.0,Stupid,31.14186851211073
180,0,3.0,1.0,158.0,48.0,4.0,120.0,750.0,10.0,handsome,19.227687870533565
181,0,1.0,0.0,163.0,60.0,4.0,180.0,385.0,100.0,I am good.,22.582709172343712
182,0,5.0,1.0,170.0,25.0,2.0,200.0,0.0,500.0,Smart,8.650519031141869
183,0,9.0,0.0,178.0,84.0,2.0,87.0,0.0,2.0,Cool,26.511804065143288
184,0,9.0,0.0,182.0,74.0,2.0,80.0,100.0,4.0,Sleepy,22.34029706557179
185,0,10.0,0.0,163.0,64.0,5.0,100.0,350.0,5.0,Content,24.088223117166624
186,0,6.0,0.0,165.0,50.0,3.0,200.0,500.0,1.0,Cute,18.36547291092746
187,0,0.0,0.0,165.0,58.0,4.0,180.0,250.0,6.8,Cute,21.30394857667585
188,0,11.0,0.0,172.0,68.0,1.0,100.0,10.0,3.0,Nobody nobody,22.985397512168742
189,0,0.0,0.0,0.0,0.0,1.0,50.0,0.0,0.0,,
190,0,1.0,0.0,159.0,40.0,5.0,180.0,2000.0,2.0,free,15.822158933586486
191,0,2.0,0.0,182.0,68.0,1.0,168.0,1303.0,99.2,"Cogito, ergo sum",20.528921627822726
192,0,4.0,1.0,170.0,70.0,5.0,180.0,230.0,39.52,very kind,24.221453287197235
193,0,0.0,0.0,158.0,53.0,3.0,99.0,1080.0,32.0,Entusiasm,21.230572023714146
194,0,7.0,1.0,162.0,55.0,5.0,100.0,60.0,30.0,Funny,20.957171162932475
195,0,4.0,0.0,176.0,78.0,4.0,110.0,1300.0,3.0,Doâ€™nt say too much ï¼ŒJust do it.,25.180785123966942
196,0,7.0,1.0,167.0,52.0,4.0,120.0,320.0,5.0,maymay,18.645344042454013
197,0,7.0,1.0,175.0,65.0,2.0,180.0,1e+98,1e+22,"who am i , loser life.",21.224489795918366
198,0,4.0,0.0,172.0,75.0,2.0,100.0,200.0,5.0,have fun,25.351541373715524
199,0,9.0,1.0,180.0,76.0,3.0,180.0,180.0,6.0,Do,23.456790123456788
200,0,3.0,0.0,168.0,61.0,5.0,89.0,343.0,5.0,Honest,21.612811791383223
201,0,3.0,0.0,155.0,46.0,4.0,200.0,600.0,2.0,passion,19.14672216441207
202,0,11.0,1.0,155.0,40.0,2.0,110.0,300.0,1.0,nice,16.649323621227886
203,0,1.0,0.0,178.0,90.0,2.0,120.0,117.0,0.0,Have Fun!,28.40550435551067
204,0,0.0,1.0,173.0,85.0,5.0,111.0,6.0,0.0,not,28.40054796351365
205,0,2.0,1.0,172.0,55.0,5.0,148.0,575.0,0.436,I'm tall and wise.,18.591130340724717
206,0,3.0,1.0,163.0,55.0,5.0,150.0,498.0,1000.0,YA,20.70081674131507
207,0,11.0,0.0,169.0,58.0,3.0,55.0,1.0,0.0,UUUU,20.307412205454995
208,0,6.0,0.0,165.0,50.0,3.0,200.0,500.0,1.0,Cute,18.36547291092746
209,0,0.0,0.0,158.0,53.0,3.0,99.0,1080.0,32.0,Entusiasm,21.230572023714146
210,0,2.0,0.0,169.0,75.0,2.0,110.0,200.0,6.0,Cool.,26.25958474843318
211,0,1.0,1.0,176.0,75.0,1.0,50.0,1.0,2.0,I am stupid.,24.212293388429753
212,0,9.0,0.0,171.0,73.0,2.0,200.0,99999.0,1.0,Awesome,24.96494647925858
213,0,1.0,1.0,173.0,70.0,5.0,140.0,300.0,20.0,Awsome,23.38868655818771
214,0,2.0,0.0,158.0,50.0,3.0,140.0,500.0,10.0,Pretty,20.028841531805796
215,0,9.0,1.0,177.0,68.0,2.0,110.0,600.0,0.6,I'm so good.,21.705129432793896
216,0,11.0,1.0,176.0,65.0,5.0,180.0,721.0,30.0,hi,20.983987603305785
217,0,6.0,0.0,170.0,63.0,2.0,160.0,500.0,50.0,The best and passionate person in the world,21.79930795847751
218,0,5.0,0.0,173.0,69.0,4.0,50.0,320.0,30.0,Big,23.054562464499313
219,0,11.0,1.0,183.0,76.0,2.0,200.0,262.0,1.0,so smart,22.694018931589476
220,0,7.0,0.0,159.0,45.0,3.0,122.0,0.0,11111000000.0,I am fat,17.799928800284796
221,0,1.0,0.0,183.0,60.0,1.0,199.0,300.0,30.0,HowDa U Sdd,17.916330735465376
222,0,3.0,1.0,178.0,75.0,4.0,117.0,2.0,6.0,human,23.671253629592222
223,0,1.0,0.0,380.0,380.0,5.0,60.0,0.0,500.0,random,26.315789473684212
224,0,6.4,1.0,183.0,70.0,5.0,132.6,2e+97,6666.0,Boiiiiiii,20.902385858042937
225,0,9.0,1.0,180.0,80.0,3.0,200.0,500.0,100.0,handsome guy,24.691358024691358
226,0,11.0,0.0,166.0,54.0,5.0,199.0,878.0,10.0,Ku R,19.5964581216432
227,0,4.0,1.0,183.0,76.0,4.0,120.0,350.0,4.0,Wow,22.694018931589476
228,0,11.0,0.0,155.0,65.0,5.0,120.0,717.0,40.6,Sophisticated but also innocent,27.055150884495315
229,0,5.0,0.0,160.0,58.0,3.0,108.0,300.0,3.3,Sport,22.656249999999996
230,0,2.0,0.0,169.0,80.0,5.0,140.0,1555.0,504.0,Stock god,28.01022373166206
231,0,8.0,1.0,175.0,52.0,4.0,180.0,666.0,20.0,paradox,16.979591836734695
232,0,9.0,0.0,12345.0,400.0,3.0,90.0,700.0,52.0,Person,0.026246887078181767
233,0,1.0,0.0,165.0,58.0,4.0,180.0,656.0,289.0,Nothing,21.30394857667585
234,0,10.0,0.0,180.0,65.0,3.0,50.0,200.0,20.0,A normal person,20.061728395061728
235,0,4.2,1.0,167.0,55.0,3.8,119.6,100.0,3.6,Cool,19.721036967980208
236,0,10.0,0.0,165.0,50.0,4.0,100.0,1000.0,10.0,hello world,18.36547291092746
237,0,6.0,0.0,190.0,92.0,4.0,200.0,837.0,144.0,"Never gonna give you up, never gonna let you down, never gonna run around and desert you.",25.48476454293629
238,0,4.0,1.0,161.0,50.0,3.0,120.0,600.0,1.0,Not funny,19.28937926777516
239,0,1.0,0.0,183.0,60.0,1.0,199.0,300.0,30.0,HowDa U Sdd,17.916330735465376
240,0,6.0,0.0,190.0,92.0,4.0,200.0,837.0,144.0,"Never gonna give you up, never gonna let you down, never gonna run around and desert you.",25.48476454293629
241,0,1.0,0.0,183.0,60.0,1.0,199.0,300.0,30.0,HowDa U Sdd,17.916330735465376
242,0,6.0,0.0,190.0,92.0,4.0,200.0,837.0,144.0,"Never gonna give you up, never gonna let you down, never gonna run around and desert you.",25.48476454293629
243,0,6.0,0.0,190.0,92.0,4.0,200.0,837.0,144.0,"Never gonna give you up, never gonna let you down, never gonna run around and desert you.",25.48476454293629
244,0,10.0,0.0,174.0,64.0,5.0,200.0,100.0,5.0,hi,21.13885585942661
245,0,5.0,0.0,178.0,73.0,4.0,145.0,135.0,200.0,æ‡¶,23.04002019946976
246,0,8.0,0.0,177.0,73.0,5.0,50.0,200.0,10.0,Fat,23.301094832264035
247,0,0.0,1.0,173.0,85.0,1.0,120.0,500.0,34.0,Be myself,28.40054796351365
248,0,0.0,1.0,182.0,100.0,2.0,180.0,500.0,32.0,I'm the best.,30.189590629151066
249,0,5.4,0.4,169.4,66.0,1.0,200.0,100.0,0.0,Hahaha,22.999432680660544
250,0,3.0,0.0,171.0,93.0,4.0,50.0,340.0,6.0,think,31.80465784343901
251,0,11.0,0.0,162.0,43.0,5.0,60.0,500.0,20.0,Iâ€™m a unconfident person,16.384697454656298
252,0,2.0,0.0,178.0,91.0,4.0,199.0,616.0,187.0,Too Salty,28.721121070571897
253,0,9.0,0.0,163.0,73.0,3.0,110.0,1028.0,263.0,I am doing the best I can.,27.475629493018182
254,0,7.0,0.0,171.0,73.0,4.0,110.0,120.0,2.0,Good person,24.96494647925858
255,0,1.0,0.0,155.0,46.0,2.0,100.0,341.0,10.0,pessimistic,19.14672216441207
256,0,6.0,1.0,165.0,62.0,3.0,80.0,80.0,5.0,I am a man.,22.77318640955005
257,0,0.0,0.0,173.0,63.0,4.0,100.0,100.0,100.0,how are you,21.04981790236894
258,0,0.0,1.0,165.0,76.0,4.0,120.0,220.0,2.0,I always enjoy my life.,27.915518824609737
259,0,1.0,0.6,168.0,63.0,4.0,51.0,400.0,0.0,My name is Bill,22.321428571428577
260,0,9.0,0.0,178.0,78.0,5.0,110.0,200.0,5.0,Easygoing,24.61810377477591
261,0,7.0,1.0,173.0,100.0,3.0,100.0,300.0,100.0,Love Money,33.41240936883958
262,0,0.0,1.0,165.0,51.0,3.0,100.0,30.0,1.0,living human,18.73278236914601
263,0,7.0,0.0,170.0,75.0,5.0,87.0,600.0,2.0,Ncu student,25.95155709342561
264,0,7.0,0.0,164.0,49.0,2.0,110.0,262.0,0.0,Nothing,18.218322427126715
265,0,3.0,0.0,158.0,60.0,2.0,200.0,300.0,2.0,easy-going,24.034609838166958
266,0,8.0,0.0,176.0,999.0,1.0,199.0,500.0,30.0,"quite handsome, quite sexy and longggg dxxk",322.50774793388433
267,0,8.0,0.0,161.0,61.0,3.0,200.0,500.0,0.0,I'm an interesting and warm person.,23.533042706685695
268,0,6.0,1.0,163.0,53.0,4.0,111.0,150.0,10.0,optimism,19.94805976890361
269,0,4.0,0.0,183.0,94.0,4.0,120.0,881.0,12.1,A kind and optimistic person.,28.068918152229088
270,0,5.0,0.0,165.0,65.0,2.0,180.0,2000.0,0.0,do myself,23.875114784205696
271,0,8.0,1.0,163.0,1.0,2.0,111.0,190.0,0.0,>.0å•¾å’ª,0.3763784862057285
272,0,5.0,0.0,157.0,50.0,2.0,100.0,100.0,0.23,I am okay.,20.28479857195018
273,0,7.4,0.0,170.0,63.0,5.0,100.0,10.0,1.0,Optimistic,21.79930795847751
274,0,6.0,1.0,175.0,70.0,3.0,60.0,365.0,6.0,Hi,22.857142857142858
275,0,2.0,0.0,170.0,60.0,3.0,130.0,50.0,1.0,What can I be.,20.761245674740486
276,0,0.0,0.0,170.0,88.0,4.0,135.0,69.0,10.0,Rational and pragmatic,30.449826989619382
277,0,9.0,0.0,188.0,80.0,3.0,110.0,500.0,100.0,Keep breaking out of the comfort zone.,22.634676324128566
278,0,8.0,0.0,185.0,97.0,3.0,100.0,400.0,1.0,Just do it.,28.341855368882392
279,0,6.0,0.0,178.0,90.0,2.0,130.0,100.0,0.02,take up a notch,28.40550435551067
280,0,5.0,0.0,166.0,0.0,4.0,100.0,200.0,1.0,positive,0.0
281,0,8.0,0.0,172.0,75.0,5.0,100.0,331.0,2.3,Hard to say,25.351541373715524
282,0,7.0,0.0,161.0,40.0,1.0,100.0,608.0,0.0,I thrive on challenge in my life.,15.43150341422013
283,0,9.0,0.0,166.0,71.0,5.0,99.0,272.0,90.0,optimistic person,25.76571345623458
284,0,1.0,1.0,176.0,78.0,1.0,50.0,0.0,3.0,Hola~~,25.180785123966942
285,0,5.0,0.0,174.0,37.0,2.0,120.0,153.0,15.0,I'm a kind person.,12.220901043731008
286,0,0.0,0.0,180.0,90.0,1.0,70.0,1000.0,100.0,"work hard, play hard",27.777777777777775
287,0,5.0,0.0,175.0,72.0,4.0,90.0,200.0,64.3,Iâ€™m Frank,23.510204081632654
288,0,0.0,0.0,168.0,65.0,4.0,120.0,355.0,44.0,Just ordinary people,23.030045351473927
289,0,0.0,0.0,165.0,64.0,4.0,120.0,724.0,743.0,"With great power, comes great responsibility.",23.507805325987146
290,0,8.0,0.0,163.0,50.0,3.0,200.0,60.0,1.5,Quiet,18.818924310286427
291,0,8.0,0.0,167.0,55.0,4.0,150.0,1266.0,78.5,I'm a positive person!,19.721036967980208
292,0,5.0,0.4,163.0,54.0,2.0,120.0,699.0,58.0,"Humor, handsome and sexy.",20.32443825510934
293,0,6.0,0.0,170.0,55.0,4.0,106.0,641.0,236.0,Iâ€™m an outgoing person,19.031141868512112
294,0,2.0,0.0,152.0,41.0,4.0,105.0,400.0,643.0,A friendly person.,17.74584487534626
295,0,6.0,1.0,165.0,60.0,4.0,111.0,551.0,0.95,I am white,22.03856749311295
296,0,6.0,1.0,174.0,56.0,4.0,110.0,78.0,0.2,a mortal want to study something,18.49649887699828
297,0,1.0,0.0,154.0,47.0,4.0,105.0,1203.0,6.7,being worried all the time,19.81784449316917
298,0,2.0,1.0,170.0,64.0,4.0,124.0,585.0,7.51,I enjoy in learning,22.145328719723185
299,0,9.0,1.0,173.0,63.0,4.0,100.0,303.0,1.56,I am shy.,21.04981790236894
300,0,4.0,1.0,161.0,52.0,5.0,105.0,665.0,6.5,I like gaming,20.060954438486167
301,0,3.0,0.0,160.0,76.0,5.0,100.0,0.0,10.0,entrepreneur who intent to learn again,29.687499999999993
302,0,4.0,1.0,156.3,40.0,3.0,105.0,220.0,9.38,Hope in the dark,16.37351927101817
303,0,7.0,0.0,157.0,65.0,5.0,105.0,2016.0,10.0,i am a student of Master degree in Graduate Institute of Hydrological and Oceani Sciences,26.370238143535232
304,0,0.0,0.0,172.0,57.0,5.0,135.0,147.0,3.3,Easygoing,19.2671714440238
305,0,10.0,0.0,179.0,60.0,2.0,85.0,60.0,1.0,"handsome, tall, and intelligent",18.726007303142847
306,0,2.0,0.0,176.0,111.0,4.0,100.0,382.0,219.0,I am sexy.,35.834194214876035
307,0,0.0,1.0,174.0,90.0,4.0,110.0,289.0,9.0,I am kind of a procrastinator.,29.72651605231867
308,0,1.0,1.0,171.8,3.0,1.0,200.0,2e+97,0.0,Go Pikachu!,1.0164240575377328
309,0,1.0,1.0,150.0,50.0,2.0,140.0,1100.0,5.0,"Lovely, friendly and sometimes crazy",22.22222222222222
310,0,1.0,0.0,184.0,86.0,5.0,130.0,500.0,4.0,"like to make friends, wish everybody have a good day everyday.",25.401701323251416
311,0,0.0,1.0,157.0,63.0,2.0,50.0,30.0,50.0,who am I,25.558846200657225
312,0,11.0,0.0,172.0,70.0,5.0,130.0,250.0,4.0,handsome,23.661438615467823
313,0,1.0,0.0,175.0,67.0,5.0,130.0,167.0,3.0,Andrew,21.877551020408163
314,0,5.0,0.0,158.0,53.0,2.0,130.0,516.0,66.1,"I don't know who i am,but i know who will i become.",21.230572023714146
315,0,9.0,0.0,185.0,82.0,3.0,95.0,500.0,100.0,I will be a Good papa,23.959094229364496
316,0,2.0,0.0,162.0,58.0,3.0,88.0,100.0,8.0,Itâ€™s an interesting question!,22.10028959000152
317,0,8.0,0.0,3.68934e+20,3.689340000000001e+29,5.0,90.0,2e+97,2.0,clever,2.7105119072788094e-08
318,0,4.0,0.0,176.0,78.0,2.0,120.0,500.0,8.0,Iâ€™m not suitable for this course :(,25.180785123966942
319,0,4.0,1.0,180.0,90.0,2.0,130.0,910.0,3.82,Sleepy and hungry right now,27.777777777777775
320,0,5.0,1.0,167.0,68.0,1.0,200.0,0.0,0.0,Dead,24.38237297859371
321,0,7.0,1.0,154.0,45.0,3.0,130.0,800.0,2.0,introverted,18.974531961544947
322,0,2.0,0.0,174.0,60.0,1.0,200.0,800.0,128.0,Handsome,19.817677368212443
323,0,1.0,0.0,168.0,62.0,3.0,200.0,3000.0,2.0,very pretty girl,21.9671201814059
324,0,5.6,1.0,170.0,56.0,5.0,110.0,250.0,3.5,not really good at eng,19.377162629757787
325,0,7.2,0.6,170.2,52.0,4.0,90.0,800.0,3004.304,good person,17.9508175216549
326,0,1.0,0.0,167.0,58.0,4.0,99.9,200.0,151.0,hello world,20.796729893506402
327,0,3.0,0.0,178.0,68.0,3.0,120.0,151.0,3.0,Shy,21.461936624163616
328,0,8.0,1.0,168.0,74.0,1.0,50.0,200.0,149.0,I'm stupid.,26.218820861678008
329,0,10.0,1.0,185.0,98.0,1.0,95.0,70.0,50.0,"Student from Germany, originally Russian",28.634039444850252
330,0,7.0,0.0,173.0,75.0,1.0,80.0,130.0,30000.0,I am a happy guy,25.05930702662969
331,0,5.0,0.0,168.0,58.0,4.0,116.0,272.0,130.0,I always be interested in unfamiliar things,20.549886621315196
332,0,10.0,0.0,157.0,53.0,4.0,140.0,500.0,51.4,Try to be a learned person.,21.50188648626719
333,0,9.0,0.0,185.0,85.0,5.0,100.0,575.0,125.0,I am tall,24.835646457268076
334,0,9.0,1.0,155.0,50.0,1.0,50.0,0.0,0.0,I want to sleep.,20.811654526534856
335,0,2.0,0.0,173.0,59.0,3.6,108.0,565.0,29.2,very handsome,19.713321527615356
336,0,11.0,0.0,175.0,78.0,5.0,130.0,462.0,763.0,"optimism ,friendly and love scuba diving",25.46938775510204
337,0,5.0,0.0,174.0,58.0,4.0,132.0,250.0,100.0,People who know me are all wanting to kill me,19.157088122605362
338,0,5.0,1.0,160.0,48.0,3.0,110.0,293.0,0.58,calm,18.749999999999996
339,0,3.0,0.0,168.0,62.0,3.0,130.0,335.0,699.0,taciturn and silence,21.9671201814059
340,0,9.0,0.0,175.0,64.0,2.0,120.0,234.0,11.0,Apple,20.897959183673468
341,0,3.0,0.0,157.0,50.0,3.0,120.0,736.0,1600.0,I am difficult to understand,20.28479857195018
342,0,3.0,0.0,170.0,67.0,1.0,109.999999,436.0,163.0,QQ,23.18339100346021
343,0,6.0,1.0,174.0,60.0,4.0,114.0,1000.0,40.0,"I like Orange ðŸŠðŸŠ, so can call me Orange!",19.817677368212443
344,0,0.0,1.0,158.0,48.0,4.0,150.0,500.0,7.0,Kind and friendly,19.227687870533565
345,0,2.0,0.0,170.0,65.0,2.0,100.0,500.0,115.0,Gorgeous >_<,22.49134948096886
346,0,4.0,0.0,178.0,80.0,5.0,180.0,736.0,159.0,stressful right now,25.24933720489837
347,0,4.0,1.0,180.0,90.0,2.0,180.0,1000.0,6.0,So far so good,27.777777777777775
348,0,10.0,0.0,172.0,66.0,3.0,120.0,460.0,3.0,Iâ€™m an outgoing and active boy,22.30935640886966
349,0,5.0,0.0,177.0,70.0,1.0,90.0,2.0,10.0,Nice person,22.34351559258195
350,0,1.0,0.0,165.0,49.0,3.0,150.0,100.0,4.0,Very beautiful,17.99816345270891
351,0,11.0,0.0,163.0,100.0,3.0,55.0,3.0,5.0,Good,37.63784862057285
352,0,0.0,0.0,178.0,55.0,5.0,87.0,20.0,1.0,undecided,17.35891932836763
353,0,1.0,0.0,171.0,71.0,2.0,100.0,436.0,228.0,Hello world.,24.280975342840534
354,0,7.0,0.0,154.0,51.0,2.0,180.0,312.0,794.0,Wonderful,21.504469556417607
355,0,9.0,1.0,155.0,0.0,2.0,135.0,350.0,12.0,adorable,0.0
356,0,7.0,0.0,191.0,77.0,1.0,83.0,410.0,31.0,"I do whatever i want. I am whatever i am, only god can judge me.",21.106877552698666
357,0,5.0,0.0,162.0,55.0,3.0,110.0,500.0,457.0,"A beauty, yes, A BEAUTY!",20.957171162932475
358,0,2.0,0.0,169.0,54.0,4.0,120.0,260.0,3.0,"If you know, you know.",18.906901018871892
359,0,3.0,1.0,169.0,54.0,2.0,200.0,700.0,50.0,I love Frieren,18.906901018871892
360,0,11.0,0.0,151.0,50.0,4.0,110.0,700.0,1.0,Brave,21.928862769176792
361,0,10.0,1.0,165.0,60.0,4.0,115.0,240.0,4.0,emtional,22.03856749311295
362,0,0.0,0.0,162.0,49.0,3.0,157.0,533.0,153.0,â‹¯,18.670934308794386
363,0,7.0,0.0,168.0,58.0,4.0,77.0,583.0,64.0,interesting,20.549886621315196
364,0,6.0,0.0,158.0,50.0,1.0,180.0,610.0,2.12,Smart,20.028841531805796
365,0,11.0,0.0,171.0,70.0,5.0,50.0,400.0,0.1,I am highly organized and attentive,23.938989774631512
366,0,1.0,0.0,184.0,86.0,4.0,130.0,666.0,4.0,Confidence,25.401701323251416
367,0,2.0,0.0,181.0,80.0,1.0,200.0,1000.0,30.0,Smartttie,24.41927902078691
368,0,5.0,0.0,175.0,75.0,5.0,200.0,1000.0,1740.0,Handsome and cool,24.489795918367346
369,0,8.0,0.0,170.0,75.0,2.0,114.0,308.0,471.0,Always sleepy.,25.95155709342561
370,0,11.0,0.0,160.0,50.0,1.0,110.0,928.0,10.0,struggle,19.531249999999996
371,0,9.0,0.0,181.0,75.0,3.0,199.0,241.0,1000.0,"I want password card, plz",22.89307408198773
372,0,10.0,0.0,158.0,3.689340000000001e+29,4.0,158.2,2e+97,39.2,Iâ€™m a diligent person.,1.4778641243390483e+29
373,0,2.0,1.0,171.0,74.0,2.0,150.0,470.0,30.0,Handsome,25.3069320474676
374,0,8.0,0.0,185.0,80.0,2.0,100.0,606.0,1330.0,Wang so rong,23.37472607742878
375,0,2.0,0.0,179.0,72.0,3.0,130.0,78.0,119.0,I am a good person.,22.47120876377142
376,0,7.0,1.0,170.0,58.0,3.2,130.0,477.0,25.29,"Roses are red, violets are blue, I'm watching porn, and so do you",20.06920415224914
377,0,6.0,0.0,167.0,62.0,3.0,100.0,744.0,123.0,introversion,22.230987127541326
378,0,7.0,0.0,161.0,52.0,4.0,100.0,200.0,1.6,"A nice person, like work balance.",20.060954438486167
379,0,1.0,0.0,162.0,53.0,2.0,200.0,0.0,5.0,enthusiastic,20.195092211553114
380,0,9.0,0.0,173.0,72.0,1.0,87.0,1039.0,361.0,Very shy man <3,24.0569347455645
381,0,9.0,0.0,165.0,100.0,3.0,100.0,500.0,4.0,A kind person.,36.73094582185492
382,0,8.0,1.0,178.0,70.0,3.0,100.0,1048.0,209.0,A little bit not confident,22.093170054286073
383,0,7.0,1.0,163.0,50.0,2.0,88.0,252.0,0.0,I'm a girl,18.818924310286427
384,0,1.0,1.0,151.0,65.0,2.0,125.0,238.0,1.0,A person who is afraid of challenges but still wants to muster up the courage to try.,28.507521599929827
385,0,7.0,0.0,165.0,58.2,3.0,112.0,354.0,1260.0,Kind,21.377410468319564
386,0,3.0,1.0,168.0,52.0,4.0,100.0,400.0,6.0,A beautiful girl,18.42403628117914
387,0,11.0,0.0,153.0,60.0,2.0,150.0,700.0,2.0,å¯æ„›,25.63116749967961
388,0,10.0,0.0,156.0,41.0,3.0,50.0,704.0,193.0,QQ,16.847468770545692
389,0,2.0,1.0,172.0,70.0,5.0,180.0,567.0,10.52,Cool,23.661438615467823
390,0,4.0,0.0,163.0,48.0,4.0,117.0,407.0,163.0,Hello world,18.06616733787497
391,0,7.0,1.0,160.0,48.0,3.0,75.0,98.0,2.0,Starting by Starting,18.749999999999996
392,0,4.8,0.0,170.0,69.6,3.6,105.0,510.0,3115.6,A little bit smart,24.08304498269896
393,0,3.0,0.0,160.0,45.0,4.0,100.0,600.0,2000.0,Hi,17.578124999999996
394,0,5.0,0.6,180.0,3.689340000000001e+29,2.6,199.999,2e+97,60.0,"I'm not beautiful, but smart ðŸ˜€",1.1386851851851853e+29
395,0,10.0,0.0,175.0,69.0,5.0,135.0,200.0,1400.0,Like the shadow,22.53061224489796
